frame,value
0,408
0,371
0.001336,743
0.001336,687
0.001336,331
0.00247,714
0.00247,434
