frame,value
0,0
1,0.01892907009460032
2,0.034280177555046976
3,0.05080453888513148
4,0.06803773809224367
5,0.0838326757075265
6,0.1006846078671515
7,0.11678883130662143
8,0.13391626358497888
9,0.15014185209292918
10,0.1668824441730976
11,0.1842214590869844
12,0.2006744152167812
13,0.21742509654723108
